{
	"format_version": "1.8.0",
	"animations": {
		"idle1": {
			"loop": true,
			"animation_length": 2,
			"bones": {
				"hedge_head": {
					"rotation": {
						"0.0": [0, 0, 0],
						"0.625": [-2.5, 0, 0],
						"1.5": [2.5, 0, 0],
						"2.0": [0, 0, 0]
					}
				},
				"Book": {
					"position": {
						"0.0": [0, 0, 0],
						"0.25": [0, 1, 0],
						"1.0": [0, 2, -1],
						"2.0": [0, 0, 0]
					}
				},
				"body": {
					"rotation": {
						"0.0": [0, 0, 0],
						"0.75": [-2.5, 0, 0],
						"1.5": [2.5, 0, 0],
						"2.0": [0, 0, 0]
					},
					"scale": {
						"0.0": [1, 1, 1],
						"1.0": [1.1, 1, 1.1],
						"2.0": [1, 1, 1]
					}
				},
				"feet": {
					"rotation": {
						"0.0": [0, 0, 0],
						"0.75": [0, -7.5, 0],
						"1.25": [0, 2.5, 0],
						"2.0": [0, 0, 0]
					}
				},
				"wings": {
					"rotation": {
						"0.0": [0, 0, 0],
						"1.0": [-2.5, 0, 0],
						"2.0": [0, 0, 0]
					}
				}
			}
		},
		"idle2": {
			"loop": true,
			"animation_length": 3.6875,
			"bones": {
				"hedge_head": {
					"rotation": {
						"0.0625": [0, 0, 0],
						"0.5625": [10, 0, 0],
						"0.75": [10.08453, 7.38542, 1.30962],
						"1.0": [10.00933, -2.462, -0.43439],
						"1.5": [10.08453, 7.38542, 1.30962],
						"1.75": [10.00933, -2.462, -0.43439],
						"2.25": [10.08453, 7.38542, 1.30962],
						"2.5": [10.00933, -2.462, -0.43439],
						"3.0": [10.08453, 7.38542, 1.30962],
						"3.25": [10.00933, -2.462, -0.43439],
						"3.6875": [0, 0, 0]
					},
					"position": {
						"0.0625": [0, 0, 0],
						"0.5625": [0, 1, 0],
						"3.6875": [0, 0, 0]
					}
				},
				"Book": {
					"rotation": {
						"0.0": [0, 0, 0],
						"0.4375": [10, 30, 0],
						"0.75": [9.88569, 34.925, 0.87059],
						"1.0": [10.10985, 27.04619, -0.53558],
						"1.25": [9.88569, 34.925, 0.87059],
						"1.5": [10.10985, 27.04619, -0.53558],
						"1.75": [9.88569, 34.925, 0.87059],
						"2.0": [10.10985, 27.04619, -0.53558],
						"2.25": [9.88569, 34.925, 0.87059],
						"2.5": [10.10985, 27.04619, -0.53558],
						"3.25": [10, 30, 0],
						"3.625": [0, 0, 0]
					}
				},
				"body": {
					"rotation": {
						"0.0": [0, 0, 0],
						"0.5": [10, 0, 0],
						"0.75": [10.08453, 7.38542, 1.30962],
						"1.0": [10.00933, -2.462, -0.43439],
						"1.5": [10.08453, 7.38542, 1.30962],
						"1.75": [10.00933, -2.462, -0.43439],
						"2.25": [10.08453, 7.38542, 1.30962],
						"2.5": [10.00933, -2.462, -0.43439],
						"3.0": [10.08453, 7.38542, 1.30962],
						"3.25": [10.00933, -2.462, -0.43439],
						"3.625": [0, 0, 0]
					},
					"position": {
						"0.0": [0, 0, 0],
						"0.5": [0, 1, 0],
						"3.625": [0, 0, 0]
					}
				},
				"feet": {
					"rotation": {
						"0.0": [0, 0, 0],
						"0.5": [10, 0, 0],
						"0.6875": [10.08453, 7.38542, 1.30962],
						"0.9375": [10.00933, -2.462, -0.43439],
						"1.4375": [10.08453, 7.38542, 1.30962],
						"1.6875": [10.00933, -2.462, -0.43439],
						"2.1875": [10.08453, 7.38542, 1.30962],
						"2.4375": [10.00933, -2.462, -0.43439],
						"2.9375": [10.08453, 7.38542, 1.30962],
						"3.1875": [10.00933, -2.462, -0.43439],
						"3.625": [0, 0, 0]
					},
					"position": {
						"0.0": [0, 0, 0],
						"0.5": [0, 1, 0],
						"3.625": [0, 0, 0]
					}
				},
				"wings": {
					"rotation": {
						"0.0": [0, 0, 0],
						"0.5": [10, 0, 0],
						"0.6875": [10.08453, 7.38542, 1.30962],
						"0.9375": [10.00933, -2.462, -0.43439],
						"1.4375": [10.08453, 7.38542, 1.30962],
						"1.6875": [10.00933, -2.462, -0.43439],
						"2.1875": [10.08453, 7.38542, 1.30962],
						"2.4375": [10.00933, -2.462, -0.43439],
						"2.9375": [10.08453, 7.38542, 1.30962],
						"3.1875": [10.00933, -2.462, -0.43439],
						"3.625": [0, 0, 0]
					},
					"position": {
						"0.0": [0, 0, 0],
						"0.5": [0, 1, 0],
						"3.625": [0, 0, 0]
					}
				}
			}
		},
		"idle3": {
			"loop": true,
			"animation_length": 3,
			"bones": {
				"hedge_head": {
					"rotation": {
						"0.0": [0, 0, 0],
						"0.1875": [0.6574, 7.4713, 5.04292],
						"0.4375": [0.6574, -7.4713, -5.04292],
						"0.6875": [0.6574, 7.4713, 5.04292],
						"0.9375": [0.6574, -7.4713, -5.04292],
						"1.1875": [0.6574, 7.4713, 5.04292],
						"1.4375": [0.6574, -7.4713, -5.04292],
						"1.6875": [0.6574, 7.4713, 5.04292],
						"1.9375": [0.6574, -7.4713, -5.04292],
						"2.1875": [0.6574, 7.4713, 5.04292],
						"2.4375": [0.6574, -7.4713, -5.04292],
						"2.6875": [0.6574, 7.4713, 5.04292],
						"3.0": [0, 0, 0]
					}
				},
				"Book": {
					"rotation": {
						"0.0": [0, 0, 0],
						"0.5": [-36.85973, 102.7957, -18.94888],
						"1.1875": [-161.44076, 41.90792, -138.56096],
						"1.875": [-178.36546, -9.20266, -522.07884],
						"3.0": [0, 0, 0]
					},
					"position": {
						"0.0": [0, 0, 0],
						"0.5": [-7, 8, 0],
						"1.875": [6, 8, 0],
						"3.0": [0, 0, 0]
					}
				},
				"body": {
					"rotation": {
						"0.0": [0, 0, 0],
						"0.25": [0.6574, 7.4713, 5.04292],
						"0.5": [0.6574, -7.4713, -5.04292],
						"0.75": [0.6574, 7.4713, 5.04292],
						"1.0": [0.6574, -7.4713, -5.04292],
						"1.25": [0.6574, 7.4713, 5.04292],
						"1.5": [0.6574, -7.4713, -5.04292],
						"1.75": [0.6574, 7.4713, 5.04292],
						"2.0": [0.6574, -7.4713, -5.04292],
						"2.25": [0.6574, 7.4713, 5.04292],
						"2.5": [0.6574, -7.4713, -5.04292],
						"2.75": [0.6574, 7.4713, 5.04292],
						"3.0": [0, 0, 0]
					},
					"scale": {
						"0.0": [1, 1, 1],
						"3.0": [1, 1, 1]
					}
				},
				"feet": {
					"rotation": {
						"0.0": [0, 0, 0],
						"0.3125": [0.6574, 7.4713, 5.04292],
						"0.5625": [0.6574, -7.4713, -5.04292],
						"0.8125": [0.6574, 7.4713, 5.04292],
						"1.0625": [0.6574, -7.4713, -5.04292],
						"1.3125": [0.6574, 7.4713, 5.04292],
						"1.5625": [0.6574, -7.4713, -5.04292],
						"1.8125": [0.6574, 7.4713, 5.04292],
						"2.0625": [0.6574, -7.4713, -5.04292],
						"2.3125": [0.6574, 7.4713, 5.04292],
						"2.5625": [0.6574, -7.4713, -5.04292],
						"2.8125": [0.6574, 7.4713, 5.04292],
						"3.0": [0, 0, 0]
					}
				},
				"wings": {
					"rotation": {
						"0.0": [0, 0, 0],
						"0.3125": [0.6574, 7.4713, 5.04292],
						"0.5625": [0.6574, -7.4713, -5.04292],
						"0.8125": [0.6574, 7.4713, 5.04292],
						"1.0625": [0.6574, -7.4713, -5.04292],
						"1.3125": [0.6574, 7.4713, 5.04292],
						"1.5625": [0.6574, -7.4713, -5.04292],
						"1.8125": [0.6574, 7.4713, 5.04292],
						"2.0625": [0.6574, -7.4713, -5.04292],
						"2.3125": [0.6574, 7.4713, 5.04292],
						"2.5625": [0.6574, -7.4713, -5.04292],
						"2.8125": [0.6574, 7.4713, 5.04292],
						"3.0": [0, 0, 0]
					}
				}
			}
		},
		"sit": {
			"loop": "hold_on_last_frame",
			"animation_length": 2,
			"bones": {
				"hedge_head": {
					"rotation": {
						"0.0": [0, 0, 0],
						"1.0": [-2.5, 0, 0],
						"1.75": [0, 0, 0]
					},
					"position": {
						"0.0": [0, 0, 0],
						"1.0": [0, -1, 0]
					}
				},
				"Book": {
					"rotation": {
						"0.0": [0, 0, 0],
						"2.0": [57.5, 42.5, 0]
					},
					"position": {
						"0.0": [0, 0, 0],
						"2.0": [0, 7, 9]
					}
				},
				"body": {
					"rotation": {
						"0.0": [0, 0, 0],
						"1.0": [-2.5, 0, 0]
					}
				},
				"feet": {
					"rotation": {
						"0.0": [0, 0, 0],
						"1.0": [0, 5, 0],
						"1.25": [0, -5, 0]
					}
				},
				"wings": {
					"rotation": {
						"0.0": [0, 0, 0],
						"1.0": [2.5, 0, 0]
					}
				}
			}
		},
		"sit_idle1": {
			"loop": true,
			"animation_length": 2,
			"bones": {
				"hedge_head": {
					"rotation": {
						"0.0": [-2.5, 0, 0],
						"1.0": [0, 0, 0],
						"2.0": [-2.5, 0, 0]
					},
					"position": [0, -1, 0]
				},
				"Book": {
					"rotation": {
						"0.0": [57.5, 42.5, 0],
						"1.0": [57.415, 39.80916, -4.21543],
						"2.0": [57.5, 42.5, 0]
					},
					"position": {
						"0.0": [0, 7, 9],
						"1.0": [0, 5, 9],
						"2.0": [0, 7, 9]
					}
				},
				"body": {
					"rotation": [-2.5, 0, 0],